,weight,gene_name,uniprot
CVD3_P02786,0.0652935085208445,TFRC,P02786
INF_P80098,0.11294309252225934,,
CVD3_P15090,0.2365538688504471,,
INF_P05231,0.25401455638559783,,
CVD2_P18510,0.32305887921678733,,
CVD3_Q15166,-0.5839693170532633,PON3,Q15166
CVD3_P08833,-0.5005606130798628,,
CVD3_P18065,-0.11186047829287246,,
CVD2_P13726,-0.1020231841197731,,
CVD2_O00253,-0.10116895670461204,,
