,weight,gene_name,uniprot
CVD2_P05231,0.028916365583846297,,
CVD3_P15090,0.0349594401012868,,
INF_Q13478,0.058106513044171554,,
CVD2_P18510,0.10041931688868816,,
CVD3_Q15166,-0.1851312326908967,PON3,Q15166
CVD3_P08833,-0.0983654678008979,,
CVD2_O00253,-0.030542262047323902,,
CVD2_P13726,-0.0243291155191274,,
